{"count":1,"self":88.67571199999999,"total":323.3724861,"children":{"InitializeActuators":{"count":16,"self":0.0020166999999999997,"total":0.0020166999999999997,"children":null},"InitializeSensors":{"count":16,"self":0.00099969999999999985,"total":0.00099969999999999985,"children":null},"AgentSendState":{"count":156334,"self":6.5745116,"total":17.7904016,"children":{"CollectObservations":{"count":500272,"self":1.5992643,"total":1.5992643,"children":null},"CollectDiscreteActionMasks":{"count":500272,"self":1.0424003,"total":1.0424003,"children":null},"RequestDecision":{"count":500272,"self":3.7934264,"total":8.5742254999999989,"children":{"AgentInfo.ToProto":{"count":500272,"self":2.5040614,"total":4.780799,"children":{"GenerateSensorData":{"count":500272,"self":2.2767375999999997,"total":2.2767375999999997,"children":null}}}}}}},"DecideAction":{"count":156334,"self":213.97095679999998,"total":213.970958,"children":null},"AgentAct":{"count":156334,"self":2.8424579999999997,"total":2.8424579999999997,"children":null},"AgentInfo.ToProto":{"count":4259,"self":0.0439469,"total":0.088940999999999992,"children":{"GenerateSensorData":{"count":4259,"self":0.044994099999999995,"total":0.044994099999999995,"children":null}}}},"gauges":{"Brad.CumulativeReward":{"count":4259,"max":2,"min":-1,"runningAverage":0.982154667,"value":1,"weightedAverage":1.00595355}},"metadata":{"timer_format_version":"0.1.0","start_time_seconds":"1634512129","unity_version":"2019.4.29f1","command_line_arguments":"C:\\Users\\User\\Documents\\Unity Stuff\\Unity Editors\\2019.4.29f1\\Editor\\Unity.exe -projectpath C:\/Users\/User\/Documents\/GitHub\/AlloyEquipmentFirm2ShakesOfFreedom -useHub -hubIPC -cloudEnvironment production -hubSessionId 59c0d5e0-2f03-11ec-b046-f371b7915bfa","communication_protocol_version":"1.2.0","com.unity.ml-agents_version":"1.6.0-preview","scene_name":"Training Scene","end_time_seconds":"1634512452"}}